@MusicLover99 Her music is so refreshing and unique, I can't get enough of it!,positive
@JazzHands22 I don’t understand the hype around her. Her songs all sound the same to me.,negative
@PopFanatic She’s a true artist with a unique voice and style.,positive
@RockNRoll4Life Her whisper singing is just not my cup of tea.,negative
@IndieVibes I appreciate her creativity, but her music isn’t for me.,neutral
@Songbird87 She’s overrated and her music lacks depth.,negative
@MelodyMaker Her lyrics are so relatable and her voice is mesmerizing.,positive
@TuneMaster I can’t stand her breathy vocals. It’s just not enjoyable.,negative
@HarmonyQueen She’s a breath of fresh air in the music industry.,positive
@BeatDropper Her music is too repetitive and boring for my taste.,negative
@VibeSeeker I love how experimental she is with her sound.,positive
@OldSchoolFan Her music is too modern for me, but I respect her talent.,neutral
@LyricLover Her songs have such deep meaning and emotion.,positive
@HipHopHead I don’t get the appeal. Her music is just not my style.,negative
@PopPrincess She’s one of the best artists of this generation.,positive
@ClassicRockFan Her music is too soft and lacks energy.,negative
@Dreamer101 I love how her music transports me to another world.,positiv
@MetalHead I can’t stand her whispery voice. It’s grating.,negative
@ChillVibes Her music is perfect for relaxing and unwinding.,positive
@RetroSoul I don’t see what everyone else sees in her. She’s just okay.,neutral
@EchoEcho Her voice is hauntingly beautiful.,positive
@PunkRockFan Her music is too mainstream and overproduced.,negative
@SunnyDays I love her authenticity and raw talent.,positive
@GuitarHero Her songs lack the complexity I look for in music.,negative
@MoonlightDreamer She’s a true artist who isn’t afraid to be different.,positive
@HardRockFan Her music is too mellow and boring for my taste.,negative
@StarGazer Her music is like a breath of fresh air.,positive
@BluesMaster I don’t connect with her music, but I respect her success.,neutral
@RainbowChaser She’s a genius when it comes to creating moody, atmospheric tracks.,positive
@RebelSpirit Her music is too overhyped and doesn’t live up to the expectations.,negative
